id,serial_number,timestamp,temperature
1,5470cmbo50937,6/28/2025,32
2,6445fffi63025,10/18/2025,12
3,1310vxkf33411,5/6/2025,5
4,5863obbd99481,8/29/2025,25
5,7933iqef05662,10/5/2025,16
6,5042cqrp44964,6/23/2025,29
7,4884ycnb25111,12/22/2024,7
8,7932hsts64341,10/1/2025,17
9,3620lafy71502,5/10/2025,13
10,6688jsks96987,12/20/2024,23
11,3604ayzm49935,5/15/2025,31
12,8647zswh73156,6/3/2025,32
13,1446lxpj47780,5/2/2025,22
14,5106yals18455,12/28/2024,15
15,1292yhvw42485,4/8/2025,12
16,1764dfzn52328,5/19/2025,9
17,6377nvmh46039,11/6/2024,1
18,1282tura46050,10/17/2025,32
19,5432cxuf61371,10/12/2025,28
20,0393ajst02030,9/20/2025,7
21,6146hoho78907,8/3/2025,18
22,3147sqgs00814,6/11/2025,15
23,7332stpx21814,9/11/2025,8
24,7571wwxu22719,6/12/2025,22
25,8070bggy15349,1/2/2025,14
26,1450haao58211,4/18/2025,28
27,3060ckqc89130,9/12/2025,15
28,0628jkyb62199,1/29/2025,14
29,9330rowu61887,10/4/2025,8
30,5386kujd34021,6/1/2025,10
31,2384gneb91900,2/14/2025,11
32,4737skjh20684,4/1/2025,16
33,2890zkct31838,4/9/2025,13
34,1408mrvu45772,9/3/2025,10
35,6675gyax41974,11/15/2024,17
36,0264xjbq55705,9/17/2025,13
37,1396qnju66719,7/18/2025,8
38,2855zwlf82865,9/30/2025,21
39,9311ifmu62480,10/18/2025,27
40,1710bwju08520,9/16/2025,2
41,3598vrtn44411,6/29/2025,24
42,7471rjfa67178,5/10/2025,30
43,0158teev29521,1/30/2025,4
44,2158ashh55387,2/6/2025,19
45,4193wdua65317,9/18/2025,5
46,1490tunx39623,5/27/2025,13
47,9123nrxg07868,2/11/2025,18
48,8000ctug40051,11/3/2024,17
49,8665ekmh25970,11/28/2024,26
50,8847knhp00942,1/23/2025,30
51,8675sbmm98617,11/28/2024,1
52,0298nktz04975,8/31/2025,27
53,8211dlhi09419,9/17/2025,5
54,9566wicz08829,1/19/2025,19
55,6537hzkk08075,6/3/2025,19
56,6659swuh15439,7/3/2025,23
57,8852gosx76551,8/18/2025,16
58,9698fcxr64924,11/10/2024,12
59,1682xukg37504,7/7/2025,26
60,1762qzft03444,6/10/2025,3
61,9984qmsi95951,3/3/2025,27
62,9736xtdk38949,9/30/2025,13
63,6939iooc05091,9/21/2025,22
64,5178hwel27926,11/22/2024,4
65,7610gffg95495,3/6/2025,28
66,0163edrz42535,10/12/2025,17
67,1821hrsw92118,8/11/2025,25
68,9356pudv05514,10/3/2025,10
69,1554qivd77201,1/22/2025,26
70,7547zgay09814,8/30/2025,1
71,5395namm55044,8/30/2025,10
72,0696goru50464,9/15/2025,26
73,2790xdcu96403,4/2/2025,1
74,1458ceul20125,12/2/2024,25
75,3551dpfl52020,7/12/2025,31
76,1970vrgl65997,8/8/2025,11
77,8963jypp01985,10/7/2025,3
78,2551utkv91059,10/11/2025,11
79,9328mefi40146,12/11/2024,28
80,6062ksll67440,3/23/2025,32
81,0010vnss05247,2/4/2025,4
82,9321fvri63624,3/25/2025,28
83,9278mtyh77803,9/14/2025,20
84,6069jjke42057,4/29/2025,29
85,8571cxah36922,4/27/2025,10
86,8030otyh75681,8/10/2025,25
87,9705nfda09091,10/20/2025,26
88,6708lluv10094,5/4/2025,3
89,9676xslg04209,8/3/2025,21
90,0711ppzg39527,9/10/2025,16
91,1846zrcg20200,12/22/2024,20
92,5068lcnk38818,5/18/2025,16
93,9949oewh17278,7/8/2025,8
94,5213lldm86699,6/12/2025,16
95,9875nxht52200,5/31/2025,13
96,2020xfvm05256,2/27/2025,23
97,1469idtz30059,6/23/2025,3
98,0309crqv31063,6/22/2025,12
99,3438zkls40839,6/20/2025,6
100,0275xcje41596,6/28/2025,28
101,3023amvk13699,12/7/2024,27
102,8313ignl66029,7/16/2025,17
103,9650xsfs53938,9/22/2025,21
104,2925itwl03633,9/11/2025,10
105,3801gbjn41934,2/19/2025,3
106,3113wiec39369,1/21/2025,22
107,1523carx09789,7/5/2025,17
108,4125jewt54909,10/29/2024,17
109,8774ohvx61503,9/12/2025,23
110,3591qirn55028,8/1/2025,30
111,2787ifel11147,9/13/2025,20
112,7328dkcv13593,7/14/2025,30
113,1383kycz45581,2/5/2025,12
114,5281wfzp37517,11/22/2024,21
115,7801afha32303,1/18/2025,32
116,5929gfam34897,4/22/2025,27
117,3683vfbs11420,10/17/2025,12
118,0128znwv71873,10/30/2024,12
119,3513jucw69468,6/4/2025,9
120,8702iaau45719,7/22/2025,19
121,7700fdvj89975,10/28/2024,22
122,2950zily54903,8/5/2025,8
123,3699ndlz15083,12/5/2024,32
124,7767canf32404,5/10/2025,6
125,7681zola79237,5/9/2025,24
126,9770sguu64449,7/9/2025,13
127,9659agqc64443,5/1/2025,21
128,2047ovdw04262,4/12/2025,18
129,1193qgzs29876,12/14/2024,18
130,9145kmrg86822,6/8/2025,28
131,2774cywe14436,1/17/2025,11
132,7709qkxb43812,11/9/2024,20
133,4152nbyg43451,4/19/2025,28
134,8207zylz13585,11/24/2024,24
135,9337eewd05820,1/31/2025,7
136,1791eftw66892,12/24/2024,14
137,5108fysl08843,3/15/2025,32
138,8115ceoz07015,8/5/2025,13
139,2514zhml84777,11/23/2024,6
140,4128toyv84313,12/24/2024,22
141,9406qzee89490,4/27/2025,29
142,5558ovyr23445,3/6/2025,29
143,3765rfff54765,10/21/2025,24
144,5791mirm32221,4/7/2025,29
145,6627srbz17146,5/7/2025,12
146,2388oxvs94921,11/23/2024,16
147,0665kpbc26222,11/24/2024,17
148,9732jcib87627,1/29/2025,31
149,9774zwmd92413,8/30/2025,28
150,4117oqjn21592,5/9/2025,10
151,6071whea72302,2/24/2025,17
152,1769prjw57736,8/21/2025,10
153,9123jwhy81276,11/27/2024,22
154,0483smvf12012,11/13/2024,4
155,8595bewx78853,4/5/2025,21
156,2256qvjq78124,2/17/2025,21
157,7179ditk98099,12/23/2024,20
158,5092dlnn97009,2/15/2025,4
159,9228unib58140,11/27/2024,27
160,1846vdmh47077,6/8/2025,3
161,4807fjtu70979,7/22/2025,24
162,9699cnxe71977,10/2/2025,4
163,1991xvtl17472,10/31/2024,4
164,4725knxf13304,10/23/2025,15
165,0424chkf57108,9/14/2025,6
166,8786kjys13983,11/3/2024,11
167,5747eiby76544,2/28/2025,27
168,3777kuun96195,6/6/2025,10
169,3212cink42527,2/28/2025,22
170,7362qygj79531,8/2/2025,20
171,5645qpiw33665,11/1/2024,19
172,7564ukgb36916,8/23/2025,16
173,9083nmfg20310,1/18/2025,12
174,5143buyc63015,10/27/2025,12
175,7953psmx79637,11/23/2024,3
176,8372bbdd88177,11/12/2024,26
177,6457ztki10049,6/13/2025,22
178,5958xmwc35273,7/17/2025,10
179,1379mpeu78711,5/4/2025,23
180,6455zwej34886,12/13/2024,17
181,0363fdbf02487,1/8/2025,18
182,5184fthp29610,4/3/2025,32
183,1963jame87350,4/5/2025,27
184,3370ytro41231,5/19/2025,30
185,4627mgbe37378,9/10/2025,20
186,8783mamr02818,3/17/2025,26
187,0463tayl56811,9/15/2025,1
188,4552uijf39122,8/6/2025,23
189,6714uahr12101,6/5/2025,31
190,7863eruj08777,5/12/2025,1
191,5629vrsl83734,6/5/2025,29
192,6723sxuy37490,1/3/2025,30
193,4888ltee31571,3/25/2025,23
194,5410mqzj85345,5/19/2025,21
195,1562hjya19769,10/11/2025,14
196,8008pdtu59912,11/18/2024,23
197,4100qhmi30434,1/4/2025,32
198,4512lszt91974,1/2/2025,5
199,2161jcjh70784,5/1/2025,30
200,7180vsdj77537,10/7/2025,17
201,1166pvud62548,2/28/2025,12
202,2082zduf33783,8/31/2025,26
203,0611bcne19937,10/27/2025,28
204,1289aqxy76779,4/5/2025,4
205,5742wrhg08111,4/29/2025,8
206,8503hiuc73578,5/24/2025,15
207,5470tqfs01123,12/21/2024,21
208,7884svov44343,1/29/2025,11
209,1879xrid03509,9/29/2025,23
210,3059myaq62754,11/12/2024,16
211,0581gkyb93740,4/15/2025,4
212,7050nfaz48341,4/23/2025,6
213,6820iubt85670,3/18/2025,13
214,9947oypn13568,12/10/2024,30
215,2449powy52025,3/21/2025,1
216,6296dwfz93366,11/18/2024,11
217,8635idsp65422,5/4/2025,8
218,1245qurs05222,5/30/2025,11
219,5391tdql85793,1/13/2025,12
220,6117wism67176,4/19/2025,14
221,0576rprb70001,1/22/2025,27
222,0014mpuy34538,5/30/2025,1
223,1341yone65892,3/21/2025,20
224,9535ybwf87430,10/12/2025,9
225,4158rgqw62411,9/27/2025,25
226,3215zqyw21786,9/25/2025,6
227,7487bhag61667,11/28/2024,2
228,3508plyu81243,11/13/2024,12
229,6951wgnm80749,6/28/2025,2
230,7428fbgn69617,8/29/2025,5
231,1421eblt61030,4/27/2025,23
232,2333rraq20457,2/26/2025,17
233,3983yyyn10788,6/28/2025,22
234,1565rfko20283,6/27/2025,17
235,8793xnto40279,6/5/2025,13
236,6584dppz75987,12/20/2024,22
237,2942qspy74993,5/28/2025,21
238,1894rcpp58745,11/6/2024,9
239,5515tesm86397,8/21/2025,19
240,2749ldlt08971,3/1/2025,2
241,1092zfug21414,4/24/2025,13
242,6076terc27297,4/26/2025,19
243,5734ylol27251,9/29/2025,24
244,9095kdoo49686,11/18/2024,26
245,8322dhfp34222,5/7/2025,11
246,0458vyqk66151,11/27/2024,30
247,0939fwwy40180,4/16/2025,20
248,5041pxwz76734,1/23/2025,29
249,7108txmm82920,10/21/2025,22
250,5573posu84644,6/12/2025,17
251,5888nohh01963,10/30/2024,22
252,1123hntd38226,3/28/2025,5
253,0925sbuq03756,9/4/2025,29
254,4129wopj61989,7/14/2025,3
255,7097xzml72571,8/18/2025,18
256,8938lxsx84884,1/24/2025,24
257,8864nwik87525,3/10/2025,28
258,3539zvlo58671,6/24/2025,26
259,7288cqas96696,2/13/2025,16
260,0357xpkl67115,5/24/2025,20
261,8078fleo72449,8/13/2025,12
262,5027jdin93908,10/24/2025,17
263,7814yqjd66078,9/5/2025,17
264,9064livi01247,11/4/2024,32
265,1641flpy24713,12/4/2024,17
266,7322jmym31000,8/13/2025,17
267,2305twgb63418,1/27/2025,4
268,9347grjg89460,7/5/2025,15
269,2642ahuo47968,11/9/2024,23
270,7871fqsd78303,12/26/2024,22
271,8404kvsz77389,8/28/2025,3
272,7166aagr49900,7/23/2025,12
273,5936cfhd55240,11/19/2024,21
274,5230wdei58999,11/27/2024,6
275,0510wmme35991,6/27/2025,28
276,4653efnk04796,3/10/2025,11
277,6245qijo25762,6/27/2025,12
278,9144ggwp83970,3/5/2025,4
279,5511cjjg85407,2/26/2025,26
280,4595zcai06016,12/28/2024,6
281,8626jnma31640,9/8/2025,30
282,8838mlch95641,5/1/2025,18
283,9345ruab37641,7/15/2025,20
284,3028gmga11143,11/20/2024,14
285,4553zetw62174,6/30/2025,21
286,8156gbfn10106,4/20/2025,8
287,8250emxh07934,5/5/2025,26
288,4263vkgj09935,8/24/2025,4
289,2461ieny64773,5/19/2025,15
290,9857hplm31519,3/17/2025,9
291,6749bdeg24114,6/10/2025,6
292,8668zglb45727,8/31/2025,28
293,0447spvh62251,3/22/2025,3
294,2523ostn21426,9/7/2025,31
295,0861taoy49561,8/6/2025,6
296,0848dogt74297,5/23/2025,10
297,6712wzsa64556,10/15/2025,12
298,2018edpd15986,8/5/2025,6
299,0455swid26485,10/6/2025,27
300,0299ilti86667,5/1/2025,9
301,3826xrpe03694,8/26/2025,3
302,6150rmtn94507,4/30/2025,31
303,5009wysn97331,4/30/2025,28
304,6956dfag77171,5/25/2025,31
305,8436cavv70294,4/9/2025,27
306,4339xfks22084,3/21/2025,23
307,5795qaob65911,2/21/2025,7
308,8539bxen20262,12/16/2024,14
309,2991tkqg47879,4/30/2025,21
310,0669owgd64093,4/29/2025,7
311,7828pbvt00506,5/12/2025,8
312,8770ytuu69615,4/16/2025,5
313,2575lkia87156,1/24/2025,15
314,3743dpfv30530,5/19/2025,19
315,3399fjgc25275,11/16/2024,19
316,3964nske73553,6/20/2025,5
317,0899eupw69341,6/3/2025,6
318,8829srdu19564,6/26/2025,26
319,6372himg09399,11/2/2024,9
320,4712jjso09717,2/10/2025,1
321,3457cogh19513,12/25/2024,21
322,8692cnsn27865,4/11/2025,29
323,5957zide18100,1/1/2025,16
324,1804ryne05207,10/6/2025,14
325,9548iqjm41962,1/22/2025,13
326,3428avzi55924,10/6/2025,12
327,5735ejxa22267,11/2/2024,20
328,2939qciu48185,3/11/2025,21
329,3630gdqh36610,6/5/2025,19
330,7570zijz60088,10/5/2025,29
331,3504htrv55670,6/9/2025,31
332,7594kzhj85143,3/17/2025,20
333,7593exgj31691,4/21/2025,12
334,3952mabz67822,8/29/2025,22
335,2817hobc65104,2/3/2025,31
336,0481lzso13995,10/16/2025,2
337,6138fhct88976,8/9/2025,30
338,2038idfc09379,12/6/2024,32
339,8293nrxr72321,12/23/2024,13
340,3196kzva76850,8/12/2025,13
341,9310aigb04926,7/22/2025,15
342,3121arrt13309,6/1/2025,19
343,7225wmfx83396,8/27/2025,27
344,7221hlrl02997,4/11/2025,29
345,8311dqwd91880,6/17/2025,9
346,9378wztr25061,6/28/2025,26
347,2943gyvp43542,1/30/2025,13
348,7451fcjv43003,10/24/2025,13
349,4944tpcq85613,6/15/2025,21
350,9459iaey65017,12/11/2024,2
351,5417lvam01646,8/11/2025,21
352,1622yitf84246,5/14/2025,31
353,8505hajf17104,3/19/2025,32
354,7613enhy47427,9/17/2025,17
355,7344abet92401,2/27/2025,30
356,7443akuy24505,5/12/2025,16
357,8374kinr20431,2/8/2025,31
358,2967figq93879,1/26/2025,16
359,6181wsqb21978,3/24/2025,10
360,2447isty67159,11/3/2024,2
361,4731fzrz32924,9/18/2025,27
362,2899cmpd62145,3/2/2025,13
363,1623mbwc72267,2/10/2025,2
364,2645vnin06578,9/29/2025,1
365,7512dkkj24126,10/22/2025,6
366,7866nisl79788,4/23/2025,4
367,1201zsud45678,5/5/2025,23
368,4526lnsi88572,2/13/2025,3
369,2765wzys44247,7/13/2025,28
370,4925szbi87400,7/31/2025,32
371,1838zgif42612,12/3/2024,5
372,6555pwuo71964,10/10/2025,28
373,0707ykhd33615,6/24/2025,2
374,6892mdmv27717,1/20/2025,24
375,4593jixp67034,12/10/2024,12
376,4839rizz89123,6/6/2025,29
377,4360hxcy02060,7/29/2025,18
378,7761rxze23476,6/16/2025,18
379,9340sgbg79452,4/13/2025,30
380,3428akvo94048,4/17/2025,15
381,8800obju76175,7/19/2025,11
382,9133ymho59658,7/10/2025,15
383,8202enfd62555,10/21/2025,10
384,7814kydu07429,8/31/2025,9
385,2849pbhf35997,8/25/2025,25
386,1715ebjy59548,8/10/2025,29
387,6534vevl61799,11/11/2024,13
388,6996dttm23917,1/30/2025,12
389,5438rubl54504,1/26/2025,24
390,8237vcld45671,5/6/2025,17
391,7803atuk02831,5/16/2025,10
392,5989asch52896,7/29/2025,2
393,6668zcmy68825,5/3/2025,1
394,6827zdya43420,1/25/2025,31
395,9459oxnd51626,6/10/2025,3
396,9898wuzu86121,9/9/2025,28
397,4412vhkd31737,9/11/2025,3
398,8323bqjy38837,2/13/2025,5
399,3392qzpx96987,6/23/2025,21
400,3896qawu72792,7/15/2025,16
401,3934gvgo09509,10/21/2025,17
402,7823fvre92703,1/24/2025,30
403,7611wngs25625,4/3/2025,29
404,7818hdyc12420,7/29/2025,26
405,1111ykiw92812,1/9/2025,14
406,7196fvcl90518,2/20/2025,23
407,1378ymjg68440,9/7/2025,27
408,1620jvqm45106,2/8/2025,27
409,0069llca53669,3/3/2025,18
410,6380gobu19545,9/6/2025,14
411,8030icsf20864,8/18/2025,10
412,5553gzkp54260,11/4/2024,29
413,8214mzin89113,4/14/2025,32
414,1683bvlp10316,4/24/2025,28
415,8796oadn01929,7/24/2025,25
416,6553lqoi06334,5/8/2025,14
417,9307vhyo02687,7/25/2025,18
418,0105ajbu54018,6/21/2025,31
419,4031aneg95892,3/20/2025,7
420,1039ydhu76625,10/11/2025,11
421,7046oddf98038,11/22/2024,18
422,1036mmvb86843,7/12/2025,15
423,5266razw77733,8/14/2025,11
424,8669fdjs79105,3/12/2025,6
425,1749ybxd89695,11/13/2024,28
426,8829pacy23695,1/3/2025,30
427,7460fnuy37205,12/15/2024,27
428,9976dhxb01222,12/21/2024,25
429,4230lumn79925,8/14/2025,18
430,4975fpee76466,5/23/2025,1
431,8274vcbd11671,3/28/2025,14
432,4994zlpa07382,4/19/2025,16
433,5426tuuv96498,4/16/2025,27
434,7867npag71960,10/27/2025,13
435,5858hyag62251,4/18/2025,16
436,7077oihe93896,9/16/2025,14
437,8786qfpp53203,5/14/2025,16
438,9909ivjh57002,1/12/2025,29
439,2682ykbc49701,3/7/2025,7
440,7679uoks86061,4/30/2025,4
441,6332rbja57705,3/15/2025,8
442,3560eulj06110,4/20/2025,10
443,9848tvfr98947,12/21/2024,15
444,7438orvt55763,8/3/2025,13
445,9126vjgl92680,11/24/2024,26
446,4913euke23093,7/12/2025,21
447,7480krpy72272,1/5/2025,6
448,1342tvoa37579,10/1/2025,8
449,9466uomu82593,10/13/2025,13
450,7640suqh27660,3/25/2025,1
451,5468mayu43461,8/21/2025,19
452,3296gjyz80333,1/20/2025,3
453,0508gnjk61325,10/4/2025,7
454,1003txhn95848,7/13/2025,3
455,7546zvrr25144,4/22/2025,1
456,5046opcl18220,6/30/2025,14
457,8364awfl86005,2/4/2025,21
458,6352btvu25813,6/19/2025,4
459,3969xcdr77269,1/2/2025,25
460,5896qyzr14373,2/12/2025,28
461,0213ewbw82656,7/26/2025,21
462,4940xlap39492,10/4/2025,8
463,7063txyc04148,3/23/2025,21
464,3688pndl74345,4/12/2025,6
465,2071pafw40775,11/17/2024,16
466,3144mnuz57928,6/23/2025,16
467,3182hsge03972,9/19/2025,29
468,6673xdyl81258,9/17/2025,13
469,9838uyel18022,6/19/2025,11
470,5708khlv24094,6/9/2025,4
471,8065fxnk81390,4/26/2025,15
472,1923yhvu97931,4/15/2025,11
473,0248cshi33219,6/4/2025,13
474,8497wpke56573,8/20/2025,26
475,6352zqtk03105,10/2/2025,28
476,1413rgfk71849,11/1/2024,4
477,0270mdkz62395,3/22/2025,31
478,1537cvso59654,11/27/2024,29
479,0823xniz71067,5/22/2025,30
480,3517khdu45684,5/9/2025,24
481,1880ioog91996,2/2/2025,9
482,6115vqyv94817,5/27/2025,6
483,4292clrp33098,10/24/2025,8
484,9194xvma62004,12/8/2024,31
485,5971nxab84358,11/28/2024,11
486,3661krwi35444,4/4/2025,15
487,9239uvrb99773,9/13/2025,7
488,2774goru79546,12/7/2024,27
489,2383dccl11070,3/15/2025,12
490,2477nons48366,10/18/2025,22
491,6220fgoh30200,9/16/2025,16
492,0960sutx19767,1/30/2025,21
493,3084kqzq66950,9/3/2025,30
494,7427ftyx69082,1/8/2025,21
495,2706gjme11367,5/5/2025,10
496,3862jltx36866,8/26/2025,3
497,1743hheu25363,11/29/2024,10
498,1972xjps27980,10/25/2025,24
499,1839hfln10254,9/2/2025,24
500,2274ozpd14084,2/18/2025,1
501,5955rvkd13027,1/3/2025,20
502,1659mfjf56933,6/10/2025,4
503,3104xkhu32492,7/11/2025,13
504,4388iaal80141,9/24/2025,21
505,2824ncil84604,5/5/2025,8
506,0291fmtk96800,1/5/2025,19
507,8396wnck80592,3/19/2025,11
508,9404muct76014,2/25/2025,7
509,1682bwwv81501,3/25/2025,20
510,4279tljw84847,11/25/2024,4
511,6473buor96946,6/10/2025,18
512,2489lfyl21521,4/9/2025,20
513,5823aaey64389,8/11/2025,24
514,9210hsbt38652,12/5/2024,12
515,7269ahdj40517,2/17/2025,8
516,5335grgz87934,3/31/2025,5
517,1118jnfc65260,12/12/2024,17
518,3163qtoq24274,9/18/2025,12
519,4227boma15433,3/2/2025,26
520,2314ghye80181,5/19/2025,20
521,5743qcnp03979,6/30/2025,4
522,8511oxyr05870,2/2/2025,10
523,0742dljm01895,2/18/2025,29
524,5870cgen57581,6/18/2025,30
525,7329fbmr21067,11/13/2024,32
526,3946wnld02176,1/18/2025,9
527,6641dfma94146,4/3/2025,22
528,0443ulys68533,9/26/2025,9
529,6499zeit95931,10/2/2025,17
530,4979jrcy63000,10/29/2024,18
531,3260hmme80091,5/7/2025,10
532,9508vfxd21251,5/24/2025,6
533,4630fqpr99306,8/11/2025,3
534,1250odxu25591,5/19/2025,13
535,8154oorw78779,6/27/2025,4
536,1827vqlv42691,3/9/2025,1
537,3098flze55969,9/30/2025,15
538,6155qntr93849,9/18/2025,10
539,9067yujm20217,5/11/2025,2
540,0008zxvs35286,5/9/2025,13
541,7171vdaq99358,11/29/2024,19
542,9076oonh57348,7/19/2025,31
543,1192gcyd23186,5/28/2025,3
544,8840nqyo24314,10/10/2025,11
545,6594wgzh43400,10/3/2025,32
546,3314beof24366,6/25/2025,21
547,8889ehwk28388,3/23/2025,9
548,9826yybp16406,12/9/2024,16
549,5543nvlr44154,4/26/2025,31
550,1813klzd44623,5/7/2025,21
551,8393njgp72448,4/18/2025,7
552,4644xvqp86830,12/2/2024,11
553,4939ygks81069,12/1/2024,3
554,4476mpcc29822,3/9/2025,3
555,4730lfar54628,4/13/2025,31
556,3063rkcg87048,9/20/2025,2
557,4777zasu35711,8/14/2025,6
558,6673vejx56138,4/24/2025,2
559,4470zmtz95773,12/20/2024,3
560,7847khgg48192,11/25/2024,17
561,4971mrpn97061,10/1/2025,6
562,3767hjml59932,6/28/2025,26
563,8503kctw73220,8/20/2025,20
564,5323duno24627,5/26/2025,4
565,3505mojp64084,1/29/2025,18
566,8780catb22959,10/24/2025,20
567,7960vdte96896,12/10/2024,13
568,1846jqdl37337,8/24/2025,17
569,0945bzvq81730,3/19/2025,19
570,1561ighw80355,7/7/2025,32
571,5944mjsh17231,10/16/2025,10
572,1552hgwe94495,1/8/2025,5
573,6207mdxx94608,8/16/2025,28
574,8551jtsl01497,4/5/2025,14
575,0815kbaj36106,7/4/2025,18
576,0592qdtt90870,12/30/2024,22
577,4009pczs21594,3/11/2025,13
578,1625vldy12727,6/8/2025,4
579,0601ulnp56847,12/29/2024,6
580,1678iclm88528,8/17/2025,10
581,3277kctp25212,9/24/2025,6
582,9884yinn76506,5/10/2025,12
583,7103peoo31452,5/18/2025,21
584,1641ognn22389,11/19/2024,10
585,6467ncyz12589,1/26/2025,27
586,8520wwpo46510,12/10/2024,2
587,1020dhum30743,10/21/2025,31
588,3905izam48725,2/27/2025,3
589,4498qrrm66918,5/26/2025,24
590,9246tmnx59112,12/12/2024,20
591,8387boqp40527,3/29/2025,28
592,1350bjxp27255,2/16/2025,29
593,6545vcjh62836,10/3/2025,25
594,3053pfja33011,12/4/2024,3
595,0244zjrx86707,3/18/2025,25
596,6772thaz39343,12/8/2024,29
597,9149hctx75680,5/29/2025,2
598,6225vdqt10183,1/15/2025,11
599,9401ljny76889,12/20/2024,9
600,6119krmt91779,12/3/2024,23
601,5940lojc58003,5/30/2025,2
602,5984hizy23216,12/31/2024,29
603,6301bikw23936,10/24/2025,30
604,8242kpcr07433,6/20/2025,8
605,4158absy34271,10/30/2024,19
606,5336pldr53454,1/20/2025,2
607,8776kfpu55240,4/30/2025,30
608,9667obln91460,7/5/2025,14
609,6132xcvy63027,8/11/2025,6
610,8660ouxl31856,9/1/2025,24
611,2823rixi18745,6/10/2025,8
612,0289pdml52747,9/10/2025,3
613,6059edlw16020,3/22/2025,21
614,2809acpd26419,1/9/2025,27
615,6537jyan66846,10/15/2025,3
616,7056yjxj81210,11/21/2024,11
617,4199ybvb55321,2/16/2025,3
618,3936mavh39775,11/7/2024,18
619,8608yhfe05890,3/20/2025,17
620,9859yqzi99907,4/28/2025,11
621,4276bbdr51188,12/2/2024,30
622,5521khle94777,6/28/2025,19
623,4818yvnz08488,7/15/2025,18
624,3134vsuy15444,4/4/2025,13
625,4375nvpm63107,6/16/2025,23
626,9075joam77643,12/28/2024,11
627,6143fzks23066,4/10/2025,28
628,1758kqgb66860,9/19/2025,23
629,9041frxb37766,1/10/2025,8
630,6980edhg65640,9/19/2025,1
631,3068euac71322,4/1/2025,22
632,9874gelz40201,1/28/2025,14
633,9231szea28943,9/2/2025,20
634,8006chra03928,5/25/2025,4
635,3405ving45368,8/19/2025,14
636,5237iqia93857,8/10/2025,13
637,0856ovci83536,12/10/2024,17
638,7651pjzh14582,12/17/2024,15
639,1532uxjq20609,2/4/2025,8
640,9287wnhg43721,1/22/2025,14
641,5053spkr61306,11/20/2024,5
642,3121txiu54067,5/1/2025,32
643,8994upgt49632,3/1/2025,28
644,9085wewp00469,5/1/2025,21
645,0465eohe21479,4/8/2025,22
646,3205kaum53392,12/6/2024,26
647,5511psqx66974,11/28/2024,7
648,2090eoqz84076,6/20/2025,1
649,5009rswl45834,10/7/2025,21
650,7672rcmx38250,10/13/2025,19
651,3057vifz42612,3/10/2025,2
652,2188qfzp08688,12/24/2024,15
653,7837hkqq62492,9/9/2025,6
654,4975unll60462,8/4/2025,16
655,0065yybq26390,5/12/2025,4
656,2151snef89056,1/6/2025,30
657,7439rjiz94990,12/16/2024,30
658,4333hpkg29362,3/27/2025,21
659,7909mqsv75513,2/22/2025,17
660,9929jqga27817,5/8/2025,24
661,8749uaeu70502,5/30/2025,1
662,7880yahh31428,6/28/2025,28
663,0950porl53966,2/20/2025,23
664,2407qqzn89288,1/28/2025,21
665,2550orzp10596,1/17/2025,32
666,9886ejfx17381,2/12/2025,15
667,0874jyaf74312,8/18/2025,28
668,2163svtl76742,12/1/2024,2
669,4711kquc53634,3/20/2025,27
670,6073khfc18439,2/19/2025,13
671,2571sntk14217,9/24/2025,24
672,6873wokn07835,6/26/2025,6
673,1209omwk95272,4/18/2025,22
674,8468yupq61062,11/21/2024,9
675,7936slip09172,4/27/2025,9
676,6271gcah27593,8/7/2025,6
677,5704kkrj05560,10/25/2025,9
678,5288uamz72048,4/23/2025,15
679,0372prtd55293,12/31/2024,1
680,4705jfdy52891,1/10/2025,29
681,7932ftmc86431,11/9/2024,21
682,5074dard98780,12/30/2024,13
683,9675szpr79880,7/24/2025,19
684,6791tnxr20541,9/30/2025,21
685,2863abgo24548,1/25/2025,12
686,4805zxfy08454,1/17/2025,8
687,9558rrxd32115,12/11/2024,15
688,4781rogg11195,3/1/2025,26
689,5787oehv25002,4/5/2025,23
690,1026atvv66599,6/13/2025,4
691,7841bedt61752,10/31/2024,31
692,1379jhen36025,7/21/2025,27
693,0138pxge88572,10/28/2024,11
694,9399xxun95116,5/2/2025,22
695,7866jzbu29619,10/1/2025,9
696,2744qbqk54418,11/26/2024,2
697,4748issp80496,11/18/2024,17
698,0472ohjt33806,6/29/2025,20
699,7951tfyu30404,10/31/2024,4
700,9379fdax21879,10/30/2024,12
701,7074bizm31705,11/26/2024,8
702,8447siph07595,6/9/2025,11
703,6389kecg48551,2/4/2025,5
704,2676duhj96011,7/1/2025,29
705,5033slee40212,10/30/2024,29
706,8719rugp84173,9/20/2025,22
707,2894zlye74837,1/21/2025,28
708,4333ztme32266,7/31/2025,21
709,8563mutd35139,12/23/2024,24
710,5101vlnu93274,8/22/2025,2
711,3823owmx75897,6/21/2025,26
712,8678wvaf91462,4/27/2025,32
713,8148xszs78029,1/26/2025,14
714,7776wdcr85561,3/24/2025,4
715,3526ekye22439,12/2/2024,19
716,2726brol87504,3/8/2025,11
717,0087khhc81276,9/4/2025,31
718,4372kfja34150,7/20/2025,23
719,9014gxlb54091,2/26/2025,6
720,5654ldoe24616,6/16/2025,27
721,4558ztbo36247,8/8/2025,10
722,3656abck19301,12/12/2024,19
723,9823fvkb73584,2/25/2025,9
724,6364vyvi22821,12/5/2024,21
725,5021xwzj05723,6/28/2025,14
726,6997xzux61476,7/15/2025,8
727,2501gzxc29075,3/23/2025,4
728,9784akex93210,2/18/2025,25
729,7507ksiu13220,6/13/2025,18
730,4868sufr35408,1/1/2025,28
731,3307jqgd49985,4/29/2025,5
732,8850bnsl07935,1/26/2025,2
733,0351tdng59371,7/18/2025,11
734,6667jazu98814,4/27/2025,18
735,7133mwzr87849,12/16/2024,1
736,8398rpjf91414,2/15/2025,1
737,6561fphh32757,9/2/2025,32
738,7750sgaz48374,7/20/2025,22
739,8840gihg46218,3/11/2025,22
740,0312miwf68479,4/6/2025,14
741,9980cuqc49318,10/27/2025,16
742,5581gfld96955,4/12/2025,9
743,2070zngr85228,10/1/2025,9
744,7945hjpp19782,3/17/2025,28
745,7905mfif59609,5/18/2025,13
746,9159lokv77621,3/2/2025,19
747,4633zlpx78395,3/21/2025,12
748,0441wrcn47284,10/28/2024,28
749,2173elta26592,5/12/2025,29
750,8161zrqg93852,10/30/2024,3
751,1345zbjp60511,2/19/2025,22
752,7123twba69623,7/7/2025,6
753,0012mjkl00033,2/16/2025,17
754,1638pjhk48196,4/8/2025,22
755,3415lqgf37263,1/3/2025,9
756,4062fxha56473,1/26/2025,10
757,0712friv16136,7/23/2025,14
758,9160rbyh12454,3/15/2025,23
759,5786ixpf89414,3/23/2025,19
760,9067imxi64174,8/25/2025,14
761,9068ohwh88724,6/1/2025,14
762,0306msit36703,1/10/2025,5
763,4067ixhm98220,1/21/2025,18
764,3061rbhe04640,6/17/2025,25
765,8258ymrz37667,9/30/2025,10
766,7197kopi46125,3/14/2025,14
767,3896majd26127,11/21/2024,24
768,1117dznh42996,10/13/2025,19
769,4849dzvc44750,2/9/2025,22
770,1533dtbe52954,7/27/2025,14
771,1698krph51485,10/9/2025,5
772,6708etye44062,11/29/2024,20
773,4203zdfl91198,5/6/2025,25
774,0310nuoy27179,6/1/2025,16
775,2127snoy93141,10/25/2025,4
776,1103scfp24113,4/5/2025,15
777,6502dycn21762,9/19/2025,8
778,0027ludf73668,11/19/2024,9
779,4115ulep99112,5/4/2025,5
780,9018sjaj25199,9/14/2025,2
781,0715zjit55454,1/28/2025,14
782,5514owic38367,12/14/2024,28
783,7165olqx01194,6/24/2025,9
784,8939jvrx63379,8/24/2025,22
785,9908cdco63811,9/4/2025,25
786,9556unsj71234,2/20/2025,10
787,1594xraz84089,8/6/2025,6
788,3604majp83897,3/16/2025,28
789,8984thkh17461,8/5/2025,9
790,7843qxbi20223,4/7/2025,27
791,5691gbjr63795,3/7/2025,17
792,9361piuu26140,3/22/2025,9
793,4285vvjw75793,3/12/2025,14
794,5562rttl88828,7/8/2025,31
795,6614ubxo58117,10/24/2025,32
796,8641rwwa11429,6/26/2025,13
797,0652srwo65320,10/26/2025,31
798,9743xnif40579,11/3/2024,28
799,0674wzbr49450,1/22/2025,20
800,4760wenz70992,7/3/2025,9
801,2111krlw47170,12/20/2024,32
802,8493ncsp73115,6/17/2025,14
803,7878prpo19413,10/15/2025,12
804,9338dyfk32831,10/19/2025,7
805,3973wiev20795,10/30/2024,2
806,7233hrbr27247,1/4/2025,23
807,4664djfv83749,11/29/2024,3
808,0101qmie65187,7/24/2025,20
809,2257jrnr75291,7/13/2025,2
810,1631tfxh79170,9/20/2025,12
811,1106hpza00249,11/1/2024,25
812,6589ndaz37788,12/18/2024,28
813,4687iqzb04683,9/3/2025,15
814,4087udiu17089,2/16/2025,12
815,7878dqkb83269,4/9/2025,30
816,0058ogac72915,9/12/2025,7
817,5736qmyt57058,7/17/2025,32
818,5004bsid19302,4/28/2025,23
819,8522ejgl97523,1/28/2025,15
820,2834jkan66435,7/20/2025,5
821,5659wyms84909,8/9/2025,15
822,1016mxwl08913,11/16/2024,11
823,3893ekzc95787,10/12/2025,8
824,9734plcz59164,2/28/2025,24
825,7406przu87884,2/17/2025,8
826,3351dhoj86384,3/6/2025,14
827,3430uaow94279,5/19/2025,23
828,5718ynbb18353,2/28/2025,17
829,0415ucnt67083,12/30/2024,21
830,6855frbq37374,1/27/2025,21
831,1047xsss29253,6/21/2025,20
832,5972dtgu35015,7/26/2025,2
833,2501quza10127,12/24/2024,32
834,6866tngy55087,7/28/2025,2
835,7610uogr62830,11/16/2024,23
836,3727gxdg27664,11/15/2024,10
837,4997qmbk02159,12/16/2024,23
838,8224xmir22297,2/18/2025,17
839,5703cshs10345,12/2/2024,25
840,9729ffvl09106,7/21/2025,31
841,1627wymj67472,8/1/2025,24
842,0291mdfb43665,9/24/2025,21
843,2442hknc07644,11/23/2024,8
844,6935kuig21559,3/13/2025,20
845,9439htdz28257,12/13/2024,8
846,9535ormq31339,1/15/2025,2
847,1035dbdf25422,7/4/2025,10
848,7428psgu53325,1/19/2025,14
849,6421zlgt91366,7/12/2025,5
850,8651bfsl53557,11/10/2024,18
851,5943luvr71971,7/27/2025,17
852,6834tfjn55132,2/20/2025,17
853,8854uwoy85771,11/24/2024,21
854,9972xzdi19126,8/2/2025,9
855,8972lwoe29616,10/10/2025,2
856,5011ktql47289,9/28/2025,26
857,5162zrwm83351,7/15/2025,11
858,2438gkmi63436,7/25/2025,9
859,6956ktyz71217,8/6/2025,6
860,6001zicd62526,4/25/2025,29
861,3122wjcx40409,12/3/2024,9
862,5907bkzn22356,4/17/2025,27
863,9994grzl58574,5/14/2025,5
864,3297qkcn94222,7/23/2025,8
865,5044iaha93466,7/20/2025,28
866,2625nssm27458,6/25/2025,3
867,5137djkx42897,6/13/2025,10
868,4333ejwx40321,5/29/2025,7
869,3858ekpi55820,11/14/2024,12
870,8412visx35157,12/17/2024,31
871,8636iqzh95306,11/3/2024,2
872,7418jyxz65958,9/19/2025,8
873,3376ryjz49775,2/8/2025,22
874,1125oirf71948,10/14/2025,13
875,2330wcjs11344,8/18/2025,13
876,5752hwyq52079,3/16/2025,28
877,4272djow43569,3/16/2025,4
878,1817jkci90334,8/25/2025,20
879,4584wlnc48333,1/17/2025,16
880,3847vfqc74250,8/17/2025,28
881,5777dvpc18161,11/9/2024,15
882,8441htot78536,7/9/2025,3
883,6078nlbp04616,1/8/2025,22
884,7432vbas23477,8/10/2025,13
885,6849fqky29612,4/21/2025,1
886,3910qcgm39380,8/28/2025,13
887,0264xhnu04233,10/14/2025,9
888,2385ksan00500,1/18/2025,20
889,8795ifvh95720,9/2/2025,15
890,0018fcym72712,2/18/2025,20
891,2057httn56411,2/3/2025,11
892,7150jqyj15213,6/22/2025,23
893,4263pvki08427,3/19/2025,10
894,0118lesz68067,11/28/2024,14
895,3872xqxd95547,1/27/2025,5
896,8827vfkf25572,9/22/2025,9
897,7442strb05963,6/19/2025,23
898,4983xmnu19577,3/26/2025,10
899,2000ugrd63140,6/23/2025,20
900,1034tbdo35809,11/26/2024,26
901,7800hokg45491,3/2/2025,20
902,5597tzrd37294,11/12/2024,3
903,4482ajli54079,9/9/2025,32
904,0970osax95616,9/14/2025,12
905,8587fydd00001,11/5/2024,9
906,3542ghrd19301,1/4/2025,20
907,1399wqlf39740,2/23/2025,6
908,2866aonw16326,7/31/2025,6
909,8858sfla80549,10/24/2025,20
910,0948dnbw58970,6/14/2025,17
911,6621mzzw45552,5/5/2025,8
912,0250lqzy42232,5/25/2025,26
913,9398jjej97892,4/21/2025,9
914,3168oxiw35439,4/16/2025,19
915,1981qrcn90484,4/19/2025,18
916,8451kbjx20382,5/21/2025,14
917,2708ionf06157,2/20/2025,8
918,2775excc61689,9/3/2025,32
919,4189zyio86133,10/20/2025,20
920,9338lxcy07229,3/4/2025,16
921,9256zehp70909,2/2/2025,20
922,4119hkty98587,2/25/2025,17
923,8284oaem60547,1/18/2025,1
924,8640jesv06700,4/26/2025,25
925,1909mykn02665,9/26/2025,17
926,9129rpwo26457,1/15/2025,25
927,2715byyt96041,8/17/2025,15
928,1807sywi53480,10/20/2025,10
929,0027umqy89698,7/13/2025,3
930,8263tslh52740,3/13/2025,19
931,6839eqqp57617,2/4/2025,4
932,7249pady54751,6/23/2025,7
933,7813spgr25961,4/29/2025,32
934,2714kvbv82051,1/16/2025,27
935,6088omhx65643,5/18/2025,27
936,2748ejdv07614,9/23/2025,32
937,5576kurh85721,4/16/2025,27
938,0963rfdz82068,5/22/2025,24
939,9730hqcx54515,5/4/2025,15
940,0502yhom79024,6/11/2025,18
941,6752cqgq83598,8/2/2025,6
942,5016scro03219,4/30/2025,19
943,1882zbvb25333,5/11/2025,10
944,2083czer33253,5/2/2025,30
945,8463bywh15789,5/22/2025,29
946,6066ijpj80972,11/28/2024,21
947,5619xdiu65771,1/26/2025,24
948,2434lyed50855,5/4/2025,8
949,7943dtle53187,4/19/2025,10
950,3911djjn76631,2/13/2025,3
951,7832gaas81858,3/23/2025,7
952,6447wxsz29999,12/8/2024,29
953,1543pngc96242,10/9/2025,22
954,3036osfq20306,1/20/2025,20
955,6239dkeh55272,4/10/2025,7
956,9536mnvy54662,1/19/2025,30
957,9615jwoh61076,11/29/2024,26
958,9556vbhl40336,11/30/2024,26
959,9606mmxa29746,3/22/2025,18
960,8430rkzz60040,11/29/2024,2
961,2181bpkj42816,3/6/2025,23
962,8650zowt74203,6/10/2025,21
963,8424zvlp38078,4/8/2025,12
964,8617eaha51929,6/2/2025,18
965,2640antj83768,1/11/2025,9
966,8175qkhl24971,6/20/2025,24
967,5403aalf57872,9/5/2025,29
968,9250abfq73723,10/11/2025,18
969,5908wkqy83496,2/28/2025,9
970,9521lexm52490,1/20/2025,29
971,8409hnfn87492,3/5/2025,2
972,8846owaa79419,4/4/2025,32
973,9119rrap33126,8/20/2025,6
974,2749pvux24721,2/27/2025,16
975,7484sdno74127,6/9/2025,10
976,8666qkji56813,7/1/2025,31
977,8010hzzv66483,11/21/2024,31
978,7306pkli25704,1/18/2025,9
979,6586olkt17778,11/30/2024,8
980,2755atzn74860,1/2/2025,2
981,5535wage08706,9/12/2025,17
982,9604ajsl16411,10/17/2025,22
983,8873wtqa88652,1/6/2025,8
984,3463nenc11295,9/13/2025,27
985,8543xorc59627,5/17/2025,23
986,4527jpqs14412,8/6/2025,20
987,2931wtin24790,3/31/2025,19
988,1577ioza95592,10/13/2025,19
989,1797hsfx86555,12/2/2024,13
990,9898hrgv02946,9/4/2025,24
991,5240dhpv92595,10/18/2025,30
992,0584hilc53245,1/1/2025,19
993,3011sdkn57899,4/30/2025,2
994,1053thae35697,3/30/2025,24
995,6301uvek04186,12/19/2024,9
996,8962okyt66571,5/22/2025,31
997,1208nowg10449,12/19/2024,32
998,9007rsjq57695,7/16/2025,22
999,2522fdor03498,7/18/2025,30
1000,6252dtmr48970,3/31/2025,16
